command	threads	rep	wall_s	batch_n	batch_mean_s	batch_total_s
convert	-	1	13.700	-	-	-
convert	-	2	11.328	-	-	-
convert	-	3	11.345	-	-	-
cut	-	1	3.888	-	-	-
cut	-	2	2.530	-	-	-
cut	-	3	2.526	-	-	-
filter-none	1	1	6.187	98	0.015408	1.509989
filter-none	1	2	6.220	98	0.015469	1.515936
filter-none	1	3	6.180	98	0.015515	1.520491
filter-none	0	1	5.257	98	0.005430	0.532187
filter-none	0	2	5.288	98	0.005531	0.542003
filter-none	0	3	5.250	98	0.005524	0.541344
filter-length	1	1	5.173	98	0.014481	1.419175
filter-length	1	2	5.202	98	0.014362	1.407492
filter-length	1	3	5.183	98	0.014335	1.404811
filter-length	0	1	4.194	98	0.004309	0.422252
filter-length	0	2	4.196	98	0.004304	0.421750
filter-length	0	3	4.217	98	0.004289	0.420282
filter-composition	1	1	4.462	98	0.013715	1.344052
filter-composition	1	2	4.461	98	0.013702	1.342798
filter-composition	1	3	4.450	98	0.013664	1.339081
filter-composition	0	1	3.486	98	0.003759	0.368359
filter-composition	0	2	3.524	98	0.003777	0.370127
filter-composition	0	3	3.470	98	0.003767	0.369129
stat	1	1	2.503	98	0.001072	0.105082
stat	1	2	2.516	98	0.001067	0.104540
stat	1	3	2.520	98	0.001057	0.103627
stat	0	1	2.769	98	0.000831	0.081399
stat	0	2	2.752	98	0.000837	0.082020
stat	0	3	2.755	98	0.000848	0.083072
cstat	1	1	3.013	98	0.013068	1.280615
cstat	1	2	3.048	98	0.013281	1.301521
cstat	1	3	3.012	98	0.013255	1.298968
cstat	0	1	2.051	98	0.003041	0.298066
cstat	0	2	2.030	98	0.002978	0.291830
cstat	0	3	2.032	98	0.003038	0.297683
